<?xml version="1.0" encoding="UTF-8" standalone="yes"?>
<applicationHaul xmlns:a="http://www.appian.com/ae/types/2009">
    <versionUuid>_a-0000ed17-2eab-8000-9bd1-011c48011c48_1078685</versionUuid>
    <application>
        <name>Precision Loan Group</name>
        <uuid>cf239d12-8434-4984-9ba0-f31065d3ecbc</uuid>
        <description>An application for Precision Loan Group</description>
        <parentUuid>SYSTEM_APPLICATIONS_ROOT</parentUuid>
        <visibility>
            <advertise>false</advertise>
            <hierarchy>true</hierarchy>
            <indexable>true</indexable>
            <quota>false</quota>
            <searchable>true</searchable>
            <system>false</system>
            <unlogged>false</unlogged>
        </visibility>
        <urlIdentifier>-NWIVA</urlIdentifier>
        <published>false</published>
        <public>false</public>
        <prefix>PLGRH</prefix>
        <associatedObjects>
            <globalIdMap>
                <item>
                    <type>datatype</type>
                    <uuids/>
                </item>
                <item>
                    <type>dataStore</type>
                    <uuids/>
                </item>
                <item>
                    <type>user</type>
                    <uuids/>
                </item>
                <item>
                    <type>groupType</type>
                    <uuids/>
                </item>
                <item>
                    <type>group</type>
                    <uuids>
                        <uuid>ad93c1d7-3a9c-4a6a-80eb-da5b5a3f51ad</uuid>
                        <uuid>4e1f80bf-b452-4782-8d47-97d180cd9981</uuid>
                        <uuid>_e-0000ecb3-610c-8000-9b1e-01075c01075c_4183</uuid>
                        <uuid>_e-0000ecb3-610c-8000-9b1e-01075c01075c_4185</uuid>
                        <uuid>_e-0000ecb3-610c-8000-9b1e-01075c01075c_4187</uuid>
                        <uuid>_e-0000ecb3-610c-8000-9b1e-01075c01075c_4484</uuid>
                    </uuids>
                </item>
                <item>
                    <type>content</type>
                    <uuids>
                        <uuid>ea0f9505-4420-476a-9c46-268362a11e34</uuid>
                        <uuid>7ca45a17-0763-4e5c-88a8-a74dfa814f7d</uuid>
                        <uuid>e118114a-bc42-4676-80ce-12af1c521e4d</uuid>
                        <uuid>5e569085-ba2f-468c-a0f8-30317c9f42a1</uuid>
                        <uuid>_a-0000ecb3-612c-8000-9bcf-011c48011c48_990387</uuid>
                        <uuid>_a-0000ecb3-612c-8000-9bcf-011c48011c48_990425</uuid>
                        <uuid>_a-0000ecb3-612c-8000-9bcf-011c48011c48_997497</uuid>
                        <uuid>_a-0000ecb3-612c-8000-9bcf-011c48011c48_1002480</uuid>
                        <uuid>_a-0000ecb3-612c-8000-9bcf-011c48011c48_1003064</uuid>
                        <uuid>_a-0000ecb3-612c-8000-9bcf-011c48011c48_1004256</uuid>
                        <uuid>7cdb2744-fe3d-41d7-a8dc-dedebc475ace</uuid>
                        <uuid>85c6be78-88d7-40c2-bc1e-fb4e4d9a9e58</uuid>
                        <uuid>12062999-514c-4852-a4f9-67caf5a1365c</uuid>
                        <uuid>b52d9e44-33e1-45c9-afdf-6fe35722e6ac</uuid>
                        <uuid>_a-0000ecb3-612c-8000-9bcf-011c48011c48_1031463</uuid>
                        <uuid>_a-0000ecb3-612c-8000-9bcf-011c48011c48_1033540</uuid>
                        <uuid>e34b9abd-e359-4f5c-9039-68ec65bb275b</uuid>
                        <uuid>55d72fd8-7697-4ff0-bd35-e350cc36138d</uuid>
                        <uuid>_a-0000ecb3-612c-8000-9bcf-011c48011c48_1038213</uuid>
                        <uuid>_a-0000ecb3-612c-8000-9bcf-011c48011c48_1040859</uuid>
                        <uuid>_a-0000ecb3-612c-8000-9bcf-011c48011c48_1045714</uuid>
                        <uuid>_a-0000ecb3-612c-8000-9bcf-011c48011c48_1058923</uuid>
                        <uuid>_a-0000ecb3-612c-8000-9bcf-011c48011c48_1058929</uuid>
                        <uuid>_a-0000ecb3-612c-8000-9bcf-011c48011c48_1059844</uuid>
                        <uuid>_a-0000ecb3-612c-8000-9bcf-011c48011c48_1064877</uuid>
                        <uuid>_a-0000ecb3-612c-8000-9bcf-011c48011c48_1069268</uuid>
                        <uuid>_a-0000ecb3-612c-8000-9bcf-011c48011c48_1069314</uuid>
                        <uuid>_a-0000ecb3-612c-8000-9bcf-011c48011c48_1072714</uuid>
                        <uuid>_a-0000ecb3-612c-8000-9bcf-011c48011c48_1073121</uuid>
                        <uuid>_a-0000ecb3-612c-8000-9bcf-011c48011c48_1073142</uuid>
                        <uuid>_a-0000ecb3-612c-8000-9bcf-011c48011c48_1073228</uuid>
                        <uuid>_a-0000ecb3-612c-8000-9bcf-011c48011c48_1073242</uuid>
                        <uuid>_a-0000ed17-2eab-8000-9bd1-011c48011c48_1078151</uuid>
                        <uuid>_a-0000ed17-2eab-8000-9bd1-011c48011c48_1078157</uuid>
                    </uuids>
                </item>
                <item>
                    <type>forum</type>
                    <uuids/>
                </item>
                <item>
                    <type>processModelFolder</type>
                    <uuids>
                        <uuid>e18027a9-3373-4498-8938-d4454b62a3d7</uuid>
                    </uuids>
                </item>
                <item>
                    <type>processModel</type>
                    <uuids>
                        <uuid>0002ed03-24c8-8000-64e1-7f0000014e7a</uuid>
                        <uuid>c89abacb-7322-40c1-83de-96fbd78886e6</uuid>
                        <uuid>0fcaf7a3-fe97-4971-a6a2-7f37774ae2bd</uuid>
                        <uuid>0002ed0c-8ab7-8000-698b-7f0000014e7a</uuid>
                        <uuid>0002ed0e-d884-8000-6bd1-7f0000014e7a</uuid>
                        <uuid>6cd35298-4b3c-4a18-8868-d53d69566c0c</uuid>
                    </uuids>
                </item>
                <item>
                    <type>portlet</type>
                    <uuids/>
                </item>
                <item>
                    <type>page</type>
                    <uuids/>
                </item>
                <item>
                    <type>application</type>
                    <uuids/>
                </item>
                <item>
                    <type>tempoFeed</type>
                    <uuids/>
                </item>
                <item>
                    <type>recordType</type>
                    <uuids>
                        <uuid>f0caae50-b06d-41f4-8067-5a2d7e324760</uuid>
                        <uuid>4d57cb9b-758b-414a-bb7f-696667786c37</uuid>
                        <uuid>e19b8d7e-e5ed-4f55-8419-5a751d4bb418</uuid>
                        <uuid>19b4fe20-be88-41ef-a2d6-c3158799dfef</uuid>
                        <uuid>c8eba8ca-4833-469d-80f5-ddac4b4fa27d</uuid>
                        <uuid>2003f0f7-db32-4600-98d7-3268b6a73570</uuid>
                        <uuid>04c05615-2105-41f4-a9c3-7b2c346fceba</uuid>
                        <uuid>edc8cec0-3497-485a-a3e3-97c91bf12a4c</uuid>
                        <uuid>b393f265-9ca9-421d-b74d-c9a2fe783832</uuid>
                        <uuid>1fbb5bab-6290-414d-8441-18e89ad9fe37</uuid>
                    </uuids>
                </item>
                <item>
                    <type>recordField</type>
                    <uuids/>
                </item>
                <item>
                    <type>recordRelationship</type>
                    <uuids/>
                </item>
                <item>
                    <type>tempoReport</type>
                    <uuids>
                        <uuid>e0604cac-ef22-4036-9315-9270d4d72b62</uuid>
                    </uuids>
                </item>
                <item>
                    <type>taskReport</type>
                    <uuids/>
                </item>
                <item>
                    <type>webApi</type>
                    <uuids/>
                </item>
                <item>
                    <type>site</type>
                    <uuids>
                        <uuid>4d26f412-ce15-4f55-8043-230b8de82194</uuid>
                        <uuid>f19ca718-adca-49e2-8cb8-e9fa3e33fc89</uuid>
                        <uuid>cd783c58-3510-4a9b-ab9c-43abc4f9652c</uuid>
                        <uuid>27283f6f-b7d8-4b53-90a1-eea675c46e25</uuid>
                    </uuids>
                </item>
                <item>
                    <type>adminSetting</type>
                    <uuids/>
                </item>
                <item>
                    <type>thirdPartyCredentials</type>
                    <uuids/>
                </item>
                <item>
                    <type>dataSource</type>
                    <uuids/>
                </item>
                <item>
                    <type>embeddedSailTheme</type>
                    <uuids/>
                </item>
                <item>
                    <type>connectedSystem</type>
                    <uuids/>
                </item>
                <item>
                    <type>pluginInfo</type>
                    <uuids/>
                </item>
                <item>
                    <type>featureFlag</type>
                    <uuids/>
                </item>
                <item>
                    <type>designObjectReferenceImplementation</type>
                    <uuids/>
                </item>
                <item>
                    <type>aiSkill</type>
                    <uuids/>
                </item>
                <item>
                    <type>roboticTaskDesignObject</type>
                    <uuids/>
                </item>
                <item>
                    <type>robotPoolDesignObject</type>
                    <uuids/>
                </item>
                <item>
                    <type>portal</type>
                    <uuids/>
                </item>
                <item>
                    <type>translationSet</type>
                    <uuids/>
                </item>
                <item>
                    <type>translationString</type>
                    <uuids/>
                </item>
                <item>
                    <type>translationVariable</type>
                    <uuids/>
                </item>
            </globalIdMap>
        </associatedObjects>
        <applicationNavigation/>
        <applicationActions/>
        <associatedApplications>
            <globalIdMap>
                <item>
                    <type>datatype</type>
                    <uuids/>
                </item>
                <item>
                    <type>dataStore</type>
                    <uuids/>
                </item>
                <item>
                    <type>user</type>
                    <uuids/>
                </item>
                <item>
                    <type>groupType</type>
                    <uuids/>
                </item>
                <item>
                    <type>group</type>
                    <uuids/>
                </item>
                <item>
                    <type>content</type>
                    <uuids/>
                </item>
                <item>
                    <type>forum</type>
                    <uuids/>
                </item>
                <item>
                    <type>processModelFolder</type>
                    <uuids/>
                </item>
                <item>
                    <type>processModel</type>
                    <uuids/>
                </item>
                <item>
                    <type>portlet</type>
                    <uuids/>
                </item>
                <item>
                    <type>page</type>
                    <uuids/>
                </item>
                <item>
                    <type>application</type>
                    <uuids/>
                </item>
                <item>
                    <type>tempoFeed</type>
                    <uuids/>
                </item>
                <item>
                    <type>recordType</type>
                    <uuids/>
                </item>
                <item>
                    <type>recordField</type>
                    <uuids/>
                </item>
                <item>
                    <type>recordRelationship</type>
                    <uuids/>
                </item>
                <item>
                    <type>tempoReport</type>
                    <uuids/>
                </item>
                <item>
                    <type>taskReport</type>
                    <uuids/>
                </item>
                <item>
                    <type>webApi</type>
                    <uuids/>
                </item>
                <item>
                    <type>site</type>
                    <uuids/>
                </item>
                <item>
                    <type>adminSetting</type>
                    <uuids/>
                </item>
                <item>
                    <type>thirdPartyCredentials</type>
                    <uuids/>
                </item>
                <item>
                    <type>dataSource</type>
                    <uuids/>
                </item>
                <item>
                    <type>embeddedSailTheme</type>
                    <uuids/>
                </item>
                <item>
                    <type>connectedSystem</type>
                    <uuids/>
                </item>
                <item>
                    <type>pluginInfo</type>
                    <uuids/>
                </item>
                <item>
                    <type>featureFlag</type>
                    <uuids/>
                </item>
                <item>
                    <type>designObjectReferenceImplementation</type>
                    <uuids/>
                </item>
                <item>
                    <type>aiSkill</type>
                    <uuids/>
                </item>
                <item>
                    <type>roboticTaskDesignObject</type>
                    <uuids/>
                </item>
                <item>
                    <type>robotPoolDesignObject</type>
                    <uuids/>
                </item>
                <item>
                    <type>portal</type>
                    <uuids/>
                </item>
                <item>
                    <type>translationSet</type>
                    <uuids/>
                </item>
                <item>
                    <type>translationString</type>
                    <uuids/>
                </item>
                <item>
                    <type>translationVariable</type>
                    <uuids/>
                </item>
            </globalIdMap>
        </associatedApplications>
    </application>
    <roleMap>
        <contentRoleMap public="true">
            <role inherit="false" allowForAll="false" name="readers">
                <users/>
                <groups>
                    <groupUuid>4e1f80bf-b452-4782-8d47-97d180cd9981</groupUuid>
                </groups>
            </role>
            <role inherit="false" allowForAll="false" name="authors">
                <users/>
                <groups/>
            </role>
            <role inherit="false" allowForAll="false" name="administrators">
                <users/>
                <groups>
                    <groupUuid>ad93c1d7-3a9c-4a6a-80eb-da5b5a3f51ad</groupUuid>
                </groups>
            </role>
            <role inherit="false" allowForAll="false" name="denyReaders">
                <users/>
                <groups/>
            </role>
            <role inherit="false" allowForAll="false" name="denyAuthors">
                <users/>
                <groups/>
            </role>
            <role inherit="false" allowForAll="false" name="denyAdministrators">
                <users/>
                <groups/>
            </role>
        </contentRoleMap>
    </roleMap>
    <defaultApplicationObjects>
        <object>
            <objectKey>defaultAdminsGroup</objectKey>
            <objectType>group</objectType>
            <objectUuid>ad93c1d7-3a9c-4a6a-80eb-da5b5a3f51ad</objectUuid>
        </object>
        <object>
            <objectKey>defaultUsersGroup</objectKey>
            <objectType>group</objectType>
            <objectUuid>4e1f80bf-b452-4782-8d47-97d180cd9981</objectUuid>
        </object>
    </defaultApplicationObjects>
    <applicationDocumentation/>
    <history>
        <historyInfo versionUuid="cf239d12-8434-4984-9ba0-f31065d3ecbc"/>
        <historyInfo versionUuid="_a-0000ed17-2eab-8000-9bd1-011c48011c48_1078685"/>
    </history>
    <postDeploymentProcessData/>
    <requirementsCaptureB64 xmlns:xsi="http://www.w3.org/2001/XMLSchema-instance" xsi:nil="true"/>
</applicationHaul>
