<?xml version="1.0" encoding="UTF-8" standalone="yes"?>
<groupHaul xmlns:a="http://www.appian.com/ae/types/2009">
    <versionUuid>4e1f80bf-b452-4782-8d47-97d180cd9981</versionUuid>
    <group>
        <name>PLGRH Users</name>
        <securityMap>SECURITYMAP_TEAM</securityMap>
        <uuid>4e1f80bf-b452-4782-8d47-97d180cd9981</uuid>
        <groupTypeUuid>SYSTEM_GROUP_TYPE_CUSTOM</groupTypeUuid>
        <description>Assigns Viewer permissions to users for objects in the application</description>
        <delegatedCreation>false</delegatedCreation>
        <memberPolicy>MEMBERPOLICY_CLOSED</memberPolicy>
        <viewingPolicy>VIEWINGPOLICY_LOW</viewingPolicy>
        <attributes/>
    </group>
    <members>
        <users/>
        <groups>
            <groupUuid>ad93c1d7-3a9c-4a6a-80eb-da5b5a3f51ad</groupUuid>
        </groups>
    </members>
    <admins>
        <users/>
        <groups>
            <groupUuid>ad93c1d7-3a9c-4a6a-80eb-da5b5a3f51ad</groupUuid>
        </groups>
    </admins>
    <ruleSet/>
    <history>
        <historyInfo versionUuid="4e1f80bf-b452-4782-8d47-97d180cd9981"/>
    </history>
</groupHaul>
