<?xml version="1.0" encoding="UTF-8" standalone="yes"?>
<groupHaul xmlns:a="http://www.appian.com/ae/types/2009">
    <versionUuid>_e-0000ecb3-610c-8000-9b1e-01075c01075c_4186</versionUuid>
    <group>
        <name>PLGRH Account Manager</name>
        <securityMap>SECURITYMAP_TEAM</securityMap>
        <uuid>_e-0000ecb3-610c-8000-9b1e-01075c01075c_4185</uuid>
        <groupTypeUuid>SYSTEM_GROUP_TYPE_CUSTOM</groupTypeUuid>
        <parentUuid>ad93c1d7-3a9c-4a6a-80eb-da5b5a3f51ad</parentUuid>
        <description>Group for Account Managers</description>
        <delegatedCreation>false</delegatedCreation>
        <memberPolicy>MEMBERPOLICY_CLOSED</memberPolicy>
        <viewingPolicy>VIEWINGPOLICY_LOW</viewingPolicy>
        <attributes/>
    </group>
    <members>
        <users/>
        <groups/>
    </members>
    <admins>
        <users/>
        <groups>
            <groupUuid>_e-0000ecb3-610c-8000-9b1e-01075c01075c_4183</groupUuid>
        </groups>
    </admins>
    <ruleSet/>
    <history>
        <historyInfo versionUuid="_e-0000ecb3-610c-8000-9b1e-01075c01075c_4186"/>
    </history>
</groupHaul>
