<?xml version="1.0" encoding="UTF-8" standalone="yes"?>
<groupHaul xmlns:a="http://www.appian.com/ae/types/2009">
    <versionUuid>ad93c1d7-3a9c-4a6a-80eb-da5b5a3f51ad</versionUuid>
    <group>
        <name>PLGRH Administrators</name>
        <securityMap>SECURITYMAP_TEAM</securityMap>
        <uuid>ad93c1d7-3a9c-4a6a-80eb-da5b5a3f51ad</uuid>
        <groupTypeUuid>SYSTEM_GROUP_TYPE_CUSTOM</groupTypeUuid>
        <description>Assigns Administrator permissions to users for objects in the application</description>
        <delegatedCreation>false</delegatedCreation>
        <memberPolicy>MEMBERPOLICY_CLOSED</memberPolicy>
        <viewingPolicy>VIEWINGPOLICY_LOW</viewingPolicy>
        <attributes/>
    </group>
    <members>
        <users/>
        <groups>
            <groupUuid>_e-0000ecb3-610c-8000-9b1e-01075c01075c_4187</groupUuid>
            <groupUuid>_e-0000ecb3-610c-8000-9b1e-01075c01075c_4484</groupUuid>
            <groupUuid>_e-0000ecb3-610c-8000-9b1e-01075c01075c_4185</groupUuid>
            <groupUuid>_e-0000ecb3-610c-8000-9b1e-01075c01075c_4183</groupUuid>
        </groups>
    </members>
    <admins>
        <users/>
        <groups>
            <groupUuid>ad93c1d7-3a9c-4a6a-80eb-da5b5a3f51ad</groupUuid>
        </groups>
    </admins>
    <ruleSet/>
    <history>
        <historyInfo versionUuid="ad93c1d7-3a9c-4a6a-80eb-da5b5a3f51ad"/>
    </history>
</groupHaul>
