<?xml version="1.0" encoding="UTF-8"?>
<recordTypeHaul xmlns:a="http://www.appian.com/ae/types/2009" xmlns:xsi="http://www.w3.org/2001/XMLSchema-instance">
  <versionUuid>757eb13e-913e-45af-a3c4-74f0f7560f34</versionUuid>
  <recordType a:uuid="b393f265-9ca9-421d-b74d-c9a2fe783832" name="PLGRH Comment Type">
    <a:pluralName>PLGRH Comment Types</a:pluralName>
    <a:description>Contains the comment type options for Commentses.</a:description>
    <a:urlStub>w41eaA</a:urlStub>
    <a:source xsi:type="a:RecordsReplica"/>
    <a:listViewTemplateExpr>#"SYSTEM_SYSRULES_recordGridField"(
  columns: {
    #"SYSTEM_SYSRULES_gridColumn"(
      label: "Id",
      sortField: #"urn:appian:record-field:v1:b393f265-9ca9-421d-b74d-c9a2fe783832/34f1fe9a-e042-4a87-b2c4-ff5649e61d75",
      value: fv!row[#"urn:appian:record-field:v1:b393f265-9ca9-421d-b74d-c9a2fe783832/34f1fe9a-e042-4a87-b2c4-ff5649e61d75"],
      align: "END"
    ),
    #"SYSTEM_SYSRULES_gridColumn"(
      label: "Value",
      sortField: #"urn:appian:record-field:v1:b393f265-9ca9-421d-b74d-c9a2fe783832/60104acc-3098-4105-ab05-ba116253380c",
      value: #"SYSTEM_SYSRULES_linkField"(
        links: {
          #"SYSTEM_SYSRULES_recordLink"(
            label: fv!row[#"urn:appian:record-field:v1:b393f265-9ca9-421d-b74d-c9a2fe783832/60104acc-3098-4105-ab05-ba116253380c"],
            recordType: #"urn:appian:record-type:v1:b393f265-9ca9-421d-b74d-c9a2fe783832",
            identifier: fv!identifier
          )
        }
      )
    ),
    #"SYSTEM_SYSRULES_gridColumn"(
      label: "Is Active",
      sortField: #"urn:appian:record-field:v1:b393f265-9ca9-421d-b74d-c9a2fe783832/f797b320-df7f-4056-bd60-40fc1558b7b3",
      value: fv!row[#"urn:appian:record-field:v1:b393f265-9ca9-421d-b74d-c9a2fe783832/f797b320-df7f-4056-bd60-40fc1558b7b3"]
    ),
    #"SYSTEM_SYSRULES_gridColumn"(
      label: "Sort Order",
      sortField: #"urn:appian:record-field:v1:b393f265-9ca9-421d-b74d-c9a2fe783832/232d85e8-0867-4862-aaa6-5abcc5e23fbe",
      value: fv!row[#"urn:appian:record-field:v1:b393f265-9ca9-421d-b74d-c9a2fe783832/232d85e8-0867-4862-aaa6-5abcc5e23fbe"],
      align: "END"
    )
  },
  pageSize: 50,
  shadeAlternateRows: true
)</a:listViewTemplateExpr>
    <a:detailViewCfg>
      <a:nameExpr>#"SYSTEM_SYSRULES_rtd_getDefaultSummaryViewName"()</a:nameExpr>
      <a:uiExpr/>
      <a:visibilityExpr>=true()</a:visibilityExpr>
      <a:urlStub>summary</a:urlStub>
      <a:headerExpr/>
      <a:recordActionLaunchType>DIALOG</a:recordActionLaunchType>
      <a:recordUiSecurityType>EXPRESSION</a:recordUiSecurityType>
    </a:detailViewCfg>
    <a:isSystem>false</a:isSystem>
    <a:dataSrcExpr/>
    <a:facetsListExpr/>
    <a:titleExpr>rv!record[#"urn:appian:record-field:v1:b393f265-9ca9-421d-b74d-c9a2fe783832/60104acc-3098-4105-ab05-ba116253380c"]</a:titleExpr>
    <a:defaultFiltersExpr/>
    <a:layoutType>GRID</a:layoutType>
    <a:security>16383</a:security>
    <a:hideLatestNews>false</a:hideLatestNews>
    <a:hideNewsView>false</a:hideNewsView>
    <a:hideRelatedActionsView>false</a:hideRelatedActionsView>
    <a:isExportable>true</a:isExportable>
    <a:listViewSrcExpr/>
    <a:recordViewSrcExpr/>
    <a:recordTypeSearchCfg>
      <searchFieldsSrc>DEFAULT</searchFieldsSrc>
      <placeholderSrc>DEFAULT</placeholderSrc>
      <placeholder/>
    </a:recordTypeSearchCfg>
    <a:iconId/>
    <a:listAutoRefreshInterval>0.0</a:listAutoRefreshInterval>
    <a:sourceConfiguration>
      <sourceUuid>PLGRH_COMMENT_TYPE@jdbc/Appian</sourceUuid>
      <sourceType>RDBMS_TABLE</sourceType>
      <sourceSubType>NONE</sourceSubType>
      <friendlyName>PLGRH_COMMENT_TYPE</friendlyName>
      <sourceFilterExpr/>
      <field>
        <uuid>34f1fe9a-e042-4a87-b2c4-ff5649e61d75</uuid>
        <type>{http://www.appian.com/ae/types/2009}Integer</type>
        <sourceFieldName>ID</sourceFieldName>
        <sourceFieldType>INTEGER</sourceFieldType>
        <fieldName>id</fieldName>
        <displayName>Id</displayName>
        <isRecordId>true</isRecordId>
        <isUnique>true</isUnique>
        <isCustomField>false</isCustomField>
        <customFieldExpr/>
        <fieldCalculationType>NA</fieldCalculationType>
        <fieldTemplateType>NA</fieldTemplateType>
        <isRollingSyncSortField>false</isRollingSyncSortField>
        <recordFieldSecurityMembershipFilter/>
      </field>
      <field>
        <uuid>60104acc-3098-4105-ab05-ba116253380c</uuid>
        <type>{http://www.appian.com/ae/types/2009}Text</type>
        <sourceFieldName>VALUE</sourceFieldName>
        <sourceFieldType>VARCHAR(255)</sourceFieldType>
        <fieldName>value</fieldName>
        <displayName>Value</displayName>
        <isRecordId>false</isRecordId>
        <isUnique>false</isUnique>
        <isCustomField>false</isCustomField>
        <customFieldExpr/>
        <fieldCalculationType>NA</fieldCalculationType>
        <fieldTemplateType>NA</fieldTemplateType>
        <isRollingSyncSortField>false</isRollingSyncSortField>
        <recordFieldSecurityMembershipFilter/>
      </field>
      <field>
        <uuid>f797b320-df7f-4056-bd60-40fc1558b7b3</uuid>
        <type>{http://www.appian.com/ae/types/2009}Boolean</type>
        <sourceFieldName>IS_ACTIVE</sourceFieldName>
        <sourceFieldType>BIT</sourceFieldType>
        <fieldName>isActive</fieldName>
        <displayName>Is Active</displayName>
        <isRecordId>false</isRecordId>
        <isUnique>false</isUnique>
        <isCustomField>false</isCustomField>
        <customFieldExpr/>
        <fieldCalculationType>NA</fieldCalculationType>
        <fieldTemplateType>NA</fieldTemplateType>
        <isRollingSyncSortField>false</isRollingSyncSortField>
        <recordFieldSecurityMembershipFilter/>
      </field>
      <field>
        <uuid>232d85e8-0867-4862-aaa6-5abcc5e23fbe</uuid>
        <type>{http://www.appian.com/ae/types/2009}Integer</type>
        <sourceFieldName>SORT_ORDER</sourceFieldName>
        <sourceFieldType>INTEGER</sourceFieldType>
        <fieldName>sortOrder</fieldName>
        <displayName>Sort Order</displayName>
        <isRecordId>false</isRecordId>
        <isUnique>false</isUnique>
        <isCustomField>false</isCustomField>
        <customFieldExpr/>
        <fieldCalculationType>NA</fieldCalculationType>
        <fieldTemplateType>NA</fieldTemplateType>
        <isRollingSyncSortField>false</isRollingSyncSortField>
        <recordFieldSecurityMembershipFilter/>
      </field>
      <uuid>7e4c5b14-006c-4cf6-9128-192c2bd3468f</uuid>
      <refreshSchedule>
        <frequency>DAILY</frequency>
        <value>{"hour":3,"minute":"00","amPM":"AM","timeZone":"US/Eastern","version":"v1"}</value>
        <activated>false</activated>
      </refreshSchedule>
      <skipFailureEnabled>true</skipFailureEnabled>
      <recordIdGeneratorUuid/>
    </a:sourceConfiguration>
    <a:enabledFeatures>255</a:enabledFeatures>
    <a:isVisibleInRecordTypeList>false</a:isVisibleInRecordTypeList>
    <a:recordActionLaunchType>DIALOG</a:recordActionLaunchType>
    <a:showSearchBox>true</a:showSearchBox>
    <a:isVisibleInDataFabric>false</a:isVisibleInDataFabric>
    <a:usesRollingSyncLimit>false</a:usesRollingSyncLimit>
    <a:usesRecoverySync>false</a:usesRecoverySync>
  </recordType>
  <roleMap>
    <role name="record_type_administrator">
      <users/>
      <groups>
        <groupUuid>ad93c1d7-3a9c-4a6a-80eb-da5b5a3f51ad</groupUuid>
      </groups>
    </role>
    <role name="record_type_viewer">
      <users/>
      <groups>
        <groupUuid>4e1f80bf-b452-4782-8d47-97d180cd9981</groupUuid>
      </groups>
    </role>
  </roleMap>
  <history>
    <historyInfo versionUuid="757eb13e-913e-45af-a3c4-74f0f7560f34"/>
  </history>
  <migrationVersion>1</migrationVersion>
</recordTypeHaul>
