<?xml version="1.0" encoding="UTF-8"?>
<recordTypeHaul xmlns:a="http://www.appian.com/ae/types/2009" xmlns:xsi="http://www.w3.org/2001/XMLSchema-instance">
  <versionUuid>e999a065-b966-47e3-9da7-6519e6a2f2ff</versionUuid>
  <recordType a:uuid="c8eba8ca-4833-469d-80f5-ddac4b4fa27d" name="PLGRH Marital Status">
    <a:pluralName>PLGRH Marital Statuses</a:pluralName>
    <a:description>Contains the marital status options for Applicants.</a:description>
    <a:urlStub>9gNaPA</a:urlStub>
    <a:source xsi:type="a:RecordsReplica"/>
    <a:listViewTemplateExpr>#"SYSTEM_SYSRULES_recordGridField"(
  columns: {
    #"SYSTEM_SYSRULES_gridColumn"(
      label: "Id",
      sortField: #"urn:appian:record-field:v1:c8eba8ca-4833-469d-80f5-ddac4b4fa27d/96a7f5a5-bfc5-446b-b7dd-a21c2e61a2be",
      value: fv!row[#"urn:appian:record-field:v1:c8eba8ca-4833-469d-80f5-ddac4b4fa27d/96a7f5a5-bfc5-446b-b7dd-a21c2e61a2be"],
      align: "END"
    ),
    #"SYSTEM_SYSRULES_gridColumn"(
      label: "Value",
      sortField: #"urn:appian:record-field:v1:c8eba8ca-4833-469d-80f5-ddac4b4fa27d/ca872efe-72ba-48e6-a8a6-c114e0a166f9",
      value: #"SYSTEM_SYSRULES_linkField"(
        links: {
          #"SYSTEM_SYSRULES_recordLink"(
            label: fv!row[#"urn:appian:record-field:v1:c8eba8ca-4833-469d-80f5-ddac4b4fa27d/ca872efe-72ba-48e6-a8a6-c114e0a166f9"],
            recordType: #"urn:appian:record-type:v1:c8eba8ca-4833-469d-80f5-ddac4b4fa27d",
            identifier: fv!identifier
          )
        }
      )
    ),
    #"SYSTEM_SYSRULES_gridColumn"(
      label: "Is Active",
      sortField: #"urn:appian:record-field:v1:c8eba8ca-4833-469d-80f5-ddac4b4fa27d/8769f380-0406-4616-9667-8aa01574bace",
      value: fv!row[#"urn:appian:record-field:v1:c8eba8ca-4833-469d-80f5-ddac4b4fa27d/8769f380-0406-4616-9667-8aa01574bace"]
    ),
    #"SYSTEM_SYSRULES_gridColumn"(
      label: "Sort Order",
      sortField: #"urn:appian:record-field:v1:c8eba8ca-4833-469d-80f5-ddac4b4fa27d/aa0852c2-57b7-46fa-8e3a-4e5615f3a196",
      value: fv!row[#"urn:appian:record-field:v1:c8eba8ca-4833-469d-80f5-ddac4b4fa27d/aa0852c2-57b7-46fa-8e3a-4e5615f3a196"],
      align: "END"
    )
  },
  pageSize: 50,
  shadeAlternateRows: true
)</a:listViewTemplateExpr>
    <a:detailViewCfg>
      <a:nameExpr>#"SYSTEM_SYSRULES_rtd_getDefaultSummaryViewName"()</a:nameExpr>
      <a:uiExpr/>
      <a:visibilityExpr>=true()</a:visibilityExpr>
      <a:urlStub>summary</a:urlStub>
      <a:headerExpr/>
      <a:recordActionLaunchType>DIALOG</a:recordActionLaunchType>
      <a:recordUiSecurityType>EXPRESSION</a:recordUiSecurityType>
    </a:detailViewCfg>
    <a:isSystem>false</a:isSystem>
    <a:dataSrcExpr/>
    <a:facetsListExpr/>
    <a:titleExpr>rv!record[#"urn:appian:record-field:v1:c8eba8ca-4833-469d-80f5-ddac4b4fa27d/ca872efe-72ba-48e6-a8a6-c114e0a166f9"]</a:titleExpr>
    <a:defaultFiltersExpr/>
    <a:layoutType>GRID</a:layoutType>
    <a:security>16383</a:security>
    <a:hideLatestNews>false</a:hideLatestNews>
    <a:hideNewsView>false</a:hideNewsView>
    <a:hideRelatedActionsView>false</a:hideRelatedActionsView>
    <a:isExportable>true</a:isExportable>
    <a:listViewSrcExpr/>
    <a:recordViewSrcExpr/>
    <a:recordTypeSearchCfg>
      <searchFieldsSrc>DEFAULT</searchFieldsSrc>
      <placeholderSrc>DEFAULT</placeholderSrc>
      <placeholder/>
    </a:recordTypeSearchCfg>
    <a:iconId/>
    <a:listAutoRefreshInterval>0.0</a:listAutoRefreshInterval>
    <a:sourceConfiguration>
      <sourceUuid>PLGRH_MARITAL_STATUS@jdbc/Appian</sourceUuid>
      <sourceType>RDBMS_TABLE</sourceType>
      <sourceSubType>NONE</sourceSubType>
      <friendlyName>PLGRH_MARITAL_STATUS</friendlyName>
      <sourceFilterExpr/>
      <field>
        <uuid>96a7f5a5-bfc5-446b-b7dd-a21c2e61a2be</uuid>
        <type>{http://www.appian.com/ae/types/2009}Integer</type>
        <sourceFieldName>ID</sourceFieldName>
        <sourceFieldType>INTEGER</sourceFieldType>
        <fieldName>id</fieldName>
        <displayName>Id</displayName>
        <isRecordId>true</isRecordId>
        <isUnique>true</isUnique>
        <isCustomField>false</isCustomField>
        <customFieldExpr/>
        <fieldCalculationType>NA</fieldCalculationType>
        <fieldTemplateType>NA</fieldTemplateType>
        <isRollingSyncSortField>false</isRollingSyncSortField>
        <recordFieldSecurityMembershipFilter/>
      </field>
      <field>
        <uuid>ca872efe-72ba-48e6-a8a6-c114e0a166f9</uuid>
        <type>{http://www.appian.com/ae/types/2009}Text</type>
        <sourceFieldName>VALUE</sourceFieldName>
        <sourceFieldType>VARCHAR(255)</sourceFieldType>
        <fieldName>value</fieldName>
        <displayName>Value</displayName>
        <isRecordId>false</isRecordId>
        <isUnique>false</isUnique>
        <isCustomField>false</isCustomField>
        <customFieldExpr/>
        <fieldCalculationType>NA</fieldCalculationType>
        <fieldTemplateType>NA</fieldTemplateType>
        <isRollingSyncSortField>false</isRollingSyncSortField>
        <recordFieldSecurityMembershipFilter/>
      </field>
      <field>
        <uuid>8769f380-0406-4616-9667-8aa01574bace</uuid>
        <type>{http://www.appian.com/ae/types/2009}Boolean</type>
        <sourceFieldName>IS_ACTIVE</sourceFieldName>
        <sourceFieldType>BIT</sourceFieldType>
        <fieldName>isActive</fieldName>
        <displayName>Is Active</displayName>
        <isRecordId>false</isRecordId>
        <isUnique>false</isUnique>
        <isCustomField>false</isCustomField>
        <customFieldExpr/>
        <fieldCalculationType>NA</fieldCalculationType>
        <fieldTemplateType>NA</fieldTemplateType>
        <isRollingSyncSortField>false</isRollingSyncSortField>
        <recordFieldSecurityMembershipFilter/>
      </field>
      <field>
        <uuid>aa0852c2-57b7-46fa-8e3a-4e5615f3a196</uuid>
        <type>{http://www.appian.com/ae/types/2009}Integer</type>
        <sourceFieldName>SORT_ORDER</sourceFieldName>
        <sourceFieldType>INTEGER</sourceFieldType>
        <fieldName>sortOrder</fieldName>
        <displayName>Sort Order</displayName>
        <isRecordId>false</isRecordId>
        <isUnique>false</isUnique>
        <isCustomField>false</isCustomField>
        <customFieldExpr/>
        <fieldCalculationType>NA</fieldCalculationType>
        <fieldTemplateType>NA</fieldTemplateType>
        <isRollingSyncSortField>false</isRollingSyncSortField>
        <recordFieldSecurityMembershipFilter/>
      </field>
      <uuid>549f3019-8839-40af-a067-b3cd45be2bf8</uuid>
      <refreshSchedule>
        <frequency>DAILY</frequency>
        <value>{"hour":3,"minute":"00","amPM":"AM","timeZone":"US/Eastern","version":"v1"}</value>
        <activated>false</activated>
      </refreshSchedule>
      <skipFailureEnabled>true</skipFailureEnabled>
      <recordIdGeneratorUuid/>
    </a:sourceConfiguration>
    <a:enabledFeatures>255</a:enabledFeatures>
    <a:isVisibleInRecordTypeList>false</a:isVisibleInRecordTypeList>
    <a:recordActionLaunchType>DIALOG</a:recordActionLaunchType>
    <a:showSearchBox>true</a:showSearchBox>
    <a:isVisibleInDataFabric>false</a:isVisibleInDataFabric>
    <a:usesRollingSyncLimit>false</a:usesRollingSyncLimit>
    <a:usesRecoverySync>false</a:usesRecoverySync>
  </recordType>
  <roleMap>
    <role name="record_type_administrator">
      <users/>
      <groups>
        <groupUuid>ad93c1d7-3a9c-4a6a-80eb-da5b5a3f51ad</groupUuid>
        <groupUuid>_e-0000ecb3-610c-8000-9b1e-01075c01075c_4183</groupUuid>
      </groups>
    </role>
    <role name="record_type_viewer">
      <users/>
      <groups>
        <groupUuid>4e1f80bf-b452-4782-8d47-97d180cd9981</groupUuid>
        <groupUuid>_e-0000ecb3-610c-8000-9b1e-01075c01075c_4187</groupUuid>
      </groups>
    </role>
    <role name="record_type_editor">
      <users/>
      <groups>
        <groupUuid>_e-0000ecb3-610c-8000-9b1e-01075c01075c_4185</groupUuid>
      </groups>
    </role>
  </roleMap>
  <history>
    <historyInfo versionUuid="e999a065-b966-47e3-9da7-6519e6a2f2ff"/>
  </history>
  <migrationVersion>1</migrationVersion>
</recordTypeHaul>
