<?xml version="1.0" encoding="UTF-8" standalone="yes"?>
<contentHaul xmlns:a="http://www.appian.com/ae/types/2009">
    <versionUuid>_a-0000ecb3-612c-8000-9bcf-011c48011c48_1070503</versionUuid>
    <interface>
        <name>PLGRH_LoanApplicationSummary</name>
        <uuid>7cdb2744-fe3d-41d7-a8dc-dedebc475ace</uuid>
        <description>The interface used for your record view</description>
        <parentUuid>ea0f9505-4420-476a-9c46-268362a11e34</parentUuid>
        <visibility>
            <advertise>false</advertise>
            <hierarchy>true</hierarchy>
            <indexable>true</indexable>
            <quota>false</quota>
            <searchable>true</searchable>
            <system>false</system>
            <unlogged>false</unlogged>
        </visibility>
        <definition>a!localVariables(
  local!comments,
{
  #"SYSTEM_SYSRULES_sectionLayout_v1"(
    label: "Loan Application",
    labelSize: "MEDIUM",
    labelHeadingTag: "H2",
    labelColor: "STANDARD",
    contents: {
      #"SYSTEM_SYSRULES_columnsLayout"(
        columns: {
          #"SYSTEM_SYSRULES_columnLayout"(
            contents: {
              #"SYSTEM_SYSRULES_textField"(
                label: "Requested Amount",
                labelPosition: "JUSTIFIED",
                value: if(
                  isnull(
                    ri!record[#"urn:appian:record-field:v1:e19b8d7e-e5ed-4f55-8419-5a751d4bb418/978ec0fd-03ff-4c02-87f0-80f79c33edec"]
                  ),
                  "–",
                  text(
                    ri!record[#"urn:appian:record-field:v1:e19b8d7e-e5ed-4f55-8419-5a751d4bb418/978ec0fd-03ff-4c02-87f0-80f79c33edec"],
                    "#.##"
                  )
                ),
                readOnly: true
              ),
              #"SYSTEM_SYSRULES_textField"(
                label: "Max Down Payment",
                labelPosition: "JUSTIFIED",
                value: if(
                  isnull(
                    ri!record[#"urn:appian:record-field:v1:e19b8d7e-e5ed-4f55-8419-5a751d4bb418/7b4b181f-dbc8-4ec7-969c-4e9d369fc50e"]
                  ),
                  "–",
                  text(
                    ri!record[#"urn:appian:record-field:v1:e19b8d7e-e5ed-4f55-8419-5a751d4bb418/7b4b181f-dbc8-4ec7-969c-4e9d369fc50e"],
                    "#.##"
                  )
                ),
                saveInto: #"urn:appian:record-field:v1:4d57cb9b-758b-414a-bb7f-696667786c37/b90fa095-629d-4fb5-8164-00bc28e6b935",
                readOnly: true
              ),
              #"SYSTEM_SYSRULES_textField"(
                label: "Loantype",
                labelPosition: "JUSTIFIED",
                value: a!defaultValue(
                  if(
                    isnull(
                      ri!record[#"urn:appian:record-field:v1:e19b8d7e-e5ed-4f55-8419-5a751d4bb418/c9fab196-70a1-4714-abca-6eca57ff2da2"]
                    ),
                    "–",
                    index(
                      #"SYSTEM_SYSRULES_queryRecordType_v1"(
                        recordType: #"urn:appian:record-type:v1:2003f0f7-db32-4600-98d7-3268b6a73570",
                        fields: #"urn:appian:record-field:v1:2003f0f7-db32-4600-98d7-3268b6a73570/d90eb3c9-0742-4965-87ee-cef8fe31b069",
                        pagingInfo: #"SYSTEM_SYSRULES_pagingInfo"(startIndex: 1, batchSize: 1),
                        filters: #"SYSTEM_SYSRULES_queryFilter"(
                          field: #"urn:appian:record-field:v1:2003f0f7-db32-4600-98d7-3268b6a73570/a45b26f3-28c4-43bf-b359-63bf132a12bb",
                          operator: "=",
                          value: ri!record[#"urn:appian:record-field:v1:e19b8d7e-e5ed-4f55-8419-5a751d4bb418/c9fab196-70a1-4714-abca-6eca57ff2da2"]
                        )
                      ).data,
                      1,
                      #"urn:appian:record-field:v1:2003f0f7-db32-4600-98d7-3268b6a73570/d90eb3c9-0742-4965-87ee-cef8fe31b069",
                      null
                    )
                  ),
                  "–"
                ),
                readOnly: true
              ),
              #"SYSTEM_SYSRULES_richTextDisplayField"(
                label: "Approved On",
                labelPosition: "JUSTIFIED",
                value: if(
                  isnull(
                    ri!record[#"urn:appian:record-field:v1:e19b8d7e-e5ed-4f55-8419-5a751d4bb418/7dd12f29-09f1-4da8-ab0c-7e7aec42f34b"]
                  ),
                  "–",
                  {
                    #"SYSTEM_SYSRULES_richTextIcon"(
                      icon: "calendar-o",
                      color: "SECONDARY"
                    ),
                    " ",
                    #"SYSTEM_SYSRULES_richTextItem_v1"(
                      text: text(
                        ri!record[#"urn:appian:record-field:v1:e19b8d7e-e5ed-4f55-8419-5a751d4bb418/7dd12f29-09f1-4da8-ab0c-7e7aec42f34b"],
                        "mmmm d, yyyy h:mm AM/PM"
                      )
                    )
                  }
                )
              )
            }
          ),
          #"SYSTEM_SYSRULES_columnLayout"(
            contents: {
              #"SYSTEM_SYSRULES_textField"(
                label: "Requested Term Months",
                labelPosition: "JUSTIFIED",
                value: a!defaultValue(
                  ri!record[#"urn:appian:record-field:v1:e19b8d7e-e5ed-4f55-8419-5a751d4bb418/0a1a1cf3-09bb-42ef-aef1-70e9a69f8cdd"],
                  "–"
                ),
                readOnly: true
              ),
              #"SYSTEM_SYSRULES_richTextDisplayField"(
                label: "Requested Start Date",
                labelPosition: "JUSTIFIED",
                value: if(
                  isnull(
                    ri!record[#"urn:appian:record-field:v1:e19b8d7e-e5ed-4f55-8419-5a751d4bb418/2c7f059e-133b-4827-b7e4-b0d10830f123"]
                  ),
                  "–",
                  {
                    #"SYSTEM_SYSRULES_richTextIcon"(
                      icon: "calendar",
                      color: "SECONDARY"
                    ),
                    " ",
                    #"SYSTEM_SYSRULES_richTextItem_v1"(
                      text: text(
                        ri!record[#"urn:appian:record-field:v1:e19b8d7e-e5ed-4f55-8419-5a751d4bb418/2c7f059e-133b-4827-b7e4-b0d10830f123"],
                        "mmmm d, yyyy"
                      )
                    )
                  }
                )
              ),
              #"SYSTEM_SYSRULES_textField"(
                label: "Purpose",
                labelPosition: "JUSTIFIED",
                value: a!defaultValue(
                  ri!record[#"urn:appian:record-field:v1:e19b8d7e-e5ed-4f55-8419-5a751d4bb418/a0ce1409-e5da-4f9d-878f-2225cbf7bf91"],
                  "–"
                ),
                readOnly: true
              ),
              #"SYSTEM_SYSRULES_richTextDisplayField"(
                label: "Verified On",
                labelPosition: "JUSTIFIED",
                value: if(
                  isnull(
                    ri!record[#"urn:appian:record-field:v1:e19b8d7e-e5ed-4f55-8419-5a751d4bb418/d246e440-02bd-4e05-a7bf-b400f2fdefbc"]
                  ),
                  "–",
                  {
                    #"SYSTEM_SYSRULES_richTextIcon"(
                      icon: "calendar-o",
                      color: "SECONDARY"
                    ),
                    " ",
                    #"SYSTEM_SYSRULES_richTextItem_v1"(
                      text: text(
                        ri!record[#"urn:appian:record-field:v1:e19b8d7e-e5ed-4f55-8419-5a751d4bb418/d246e440-02bd-4e05-a7bf-b400f2fdefbc"],
                        "mmmm d, yyyy h:mm AM/PM"
                      )
                    )
                  }
                )
              ),
              #"SYSTEM_SYSRULES_sideBySideLayout"(
                items: if(
                  or(
                    isnull(
                      ri!record[#"urn:appian:record-field:v1:e19b8d7e-e5ed-4f55-8419-5a751d4bb418/fb9dec83-2f33-468e-af63-d22a2a41d040"]
                    ),
                    not(
                      isusernametaken(
                        ri!record[#"urn:appian:record-field:v1:e19b8d7e-e5ed-4f55-8419-5a751d4bb418/fb9dec83-2f33-468e-af63-d22a2a41d040"]
                      )
                    )
                  ),
                  #"SYSTEM_SYSRULES_sideBySideItem"(
                    item: #"SYSTEM_SYSRULES_textField"(
                      label: "Loan Officer",
                      labelPosition: "JUSTIFIED",
                      value: "–",
                      readOnly: true
                    )
                  ),
                  {
                    #"SYSTEM_SYSRULES_sideBySideItem"(
                      item: #"SYSTEM_SYSRULES_pickerFieldUsers"(
                        label: "Loan Officer",
                        labelPosition: "JUSTIFIED",
                        value: ri!record[#"urn:appian:record-field:v1:e19b8d7e-e5ed-4f55-8419-5a751d4bb418/fb9dec83-2f33-468e-af63-d22a2a41d040"],
                        saveInto: ri!record[#"urn:appian:record-field:v1:e19b8d7e-e5ed-4f55-8419-5a751d4bb418/fb9dec83-2f33-468e-af63-d22a2a41d040"],
                        readOnly: true,
                        validations: {}
                      ),
                      width: "AUTO"
                    )
                  }
                ),
                alignVertical: "MIDDLE"
              )
            }
          )
        }
      ),
      #"SYSTEM_SYSRULES_sectionLayout_v1"(
        label: "Comments",
        labelColor: "STANDARD",
        contents: {
          #"SYSTEM_SYSRULES_columnsLayout"(
            columns: {
              #"SYSTEM_SYSRULES_columnLayout"(
                contents: {
                  #"SYSTEM_SYSRULES_paragraphField"(
                    label: "Comment type: " &amp; ri!record[#"urn:appian:record-field:v1:e19b8d7e-e5ed-4f55-8419-5a751d4bb418/9e269558-aa10-4ee3-a33d-998cb71e52ad/54aea85b-adb9-4e04-bd35-273b9ad55b3e/60104acc-3098-4105-ab05-ba116253380c"],
                    labelPosition: "ABOVE",
                    value: ri!record[#"urn:appian:record-field:v1:e19b8d7e-e5ed-4f55-8419-5a751d4bb418/9e269558-aa10-4ee3-a33d-998cb71e52ad/875362d1-f3c6-4238-96b6-55478dd78f2f"],
                    refreshAfter: "UNFOCUS",
                    height: "MEDIUM",
                    readOnly: true,
                    validations: {}
                  )
                }
              ),
              #"SYSTEM_SYSRULES_columnLayout"(
                contents: {}
              )
            }
          )
        }
      )
    },
    divider: "ABOVE",
    marginAbove: "STANDARD",
    marginBelow: "MORE"
  )
}
)</definition>
        <namedTypedValue>
            <name>record</name>
            <type>
                <name>e19b8d7e-e5ed-4f55-8419-5a751d4bb418</name>
                <namespace>urn:com:appian:recordtype:datatype</namespace>
            </type>
        </namedTypedValue>
        <namedTypedValue>
            <name>applicantRecord</name>
            <type>
                <name>f0caae50-b06d-41f4-8067-5a2d7e324760</name>
                <namespace>urn:com:appian:recordtype:datatype</namespace>
            </type>
        </namedTypedValue>
        <namedTypedValue>
            <name>APrrovedDeny</name>
            <type>
                <name>1fbb5bab-6290-414d-8441-18e89ad9fe37</name>
                <namespace>urn:com:appian:recordtype:datatype</namespace>
            </type>
        </namedTypedValue>
        <preferredEditor>interface</preferredEditor>
        <offlineEnabled>false</offlineEnabled>
        <isCustom>false</isCustom>
    </interface>
    <roleMap public="true">
        <role inherit="true" allowForAll="false" name="readers">
            <users/>
            <groups/>
        </role>
        <role inherit="true" allowForAll="false" name="authors">
            <users/>
            <groups/>
        </role>
        <role inherit="true" allowForAll="false" name="administrators">
            <users/>
            <groups/>
        </role>
        <role inherit="false" allowForAll="false" name="denyReaders">
            <users/>
            <groups/>
        </role>
        <role inherit="false" allowForAll="false" name="denyAuthors">
            <users/>
            <groups/>
        </role>
        <role inherit="false" allowForAll="false" name="denyAdministrators">
            <users/>
            <groups/>
        </role>
    </roleMap>
    <typedValue>
        <type>
            <name>RuleTestConfig?list</name>
            <namespace>http://www.appian.com/ae/types/2009</namespace>
        </type>
        <value>
            <el>
                <a:name/>
                <a:ruleInputTestConfigs>
                    <a:value xmlns:xsi="http://www.w3.org/2001/XMLSchema-instance" xsi:type="a:Expression">#"SYSTEM_SYSRULES_queryRecordType_v1"(
  recordType: #"urn:appian:record-type:v1:e19b8d7e-e5ed-4f55-8419-5a751d4bb418",
  fields: {},
  pagingInfo: #"SYSTEM_SYSRULES_pagingInfo"(
    startIndex: 1,
    batchSize: 1
  )
).data</a:value>
                    <a:nameRef>record</a:nameRef>
                    <a:id>1</a:id>
                </a:ruleInputTestConfigs>
                <a:ruleInputTestConfigs>
                    <a:value xmlns:xsi="http://www.w3.org/2001/XMLSchema-instance" xsi:type="a:Expression">null</a:value>
                    <a:nameRef>applicantRecord</a:nameRef>
                    <a:id>2</a:id>
                </a:ruleInputTestConfigs>
                <a:ruleInputTestConfigs>
                    <a:value xmlns:xsi="http://www.w3.org/2001/XMLSchema-instance" xsi:type="a:Expression">null</a:value>
                    <a:nameRef>APrrovedDeny</a:nameRef>
                    <a:id>3</a:id>
                </a:ruleInputTestConfigs>
                <a:assertions xmlns:xsi="http://www.w3.org/2001/XMLSchema-instance" xsi:nil="true"/>
            </el>
        </value>
    </typedValue>
    <history>
        <historyInfo versionUuid="380dace2-5603-4cec-b822-cdb92e8a3e3e"/>
        <historyInfo versionUuid="_a-0000ecb3-612c-8000-9bcf-011c48011c48_1070503"/>
    </history>
</contentHaul>
