<?xml version="1.0" encoding="UTF-8" standalone="yes"?>
<contentHaul xmlns:a="http://www.appian.com/ae/types/2009">
    <versionUuid>_a-0000ecb3-612c-8000-9bcf-011c48011c48_1073498</versionUuid>
    <interface>
        <name>PLGRH_LandingPage</name>
        <uuid>_a-0000ecb3-612c-8000-9bcf-011c48011c48_1072714</uuid>
        <description></description>
        <parentUuid>_a-0000ecb3-612c-8000-9bcf-011c48011c48_997497</parentUuid>
        <visibility>
            <advertise>false</advertise>
            <hierarchy>true</hierarchy>
            <indexable>true</indexable>
            <quota>false</quota>
            <searchable>true</searchable>
            <system>false</system>
            <unlogged>false</unlogged>
        </visibility>
        <definition>#"SYSTEM_SYSRULES_headerContentLayout"(
  header: {
    #"SYSTEM_SYSRULES_cardLayout"(
      contents: {
        #"SYSTEM_SYSRULES_columnsLayout"(
          columns: {
            /* Add empty columns on each side for better responsive behavior *
             * when a column in the layout has a fixed width                 */
            #"SYSTEM_SYSRULES_columnLayout"(),
            #"SYSTEM_SYSRULES_columnLayout"(
              contents: {
                #"SYSTEM_SYSRULES_cardLayout"(
                  contents: {
                    #"SYSTEM_SYSRULES_richTextDisplayField"(
                      labelPosition: "COLLAPSED",
                      value: {
                        #"SYSTEM_SYSRULES_richTextItem_v1"(
                          text: {
                            "Unlock Your Future Today – Fast &amp; Easy Loans with Flexible Terms!"
                          },
                          size: "LARGE"
                        )
                      }
                    )
                  },
                  style: "#08797c",
                  marginBelow: "STANDARD",
                  showBorder: false
                )
              },
              width: "WIDE"
            ),
            #"SYSTEM_SYSRULES_columnLayout"(),
            #"SYSTEM_SYSRULES_columnLayout"(
              contents: {
                #"SYSTEM_SYSRULES_imageField_v1"(
                  label: "Apartment Building Image",
                  labelPosition: "COLLAPSED",
                  images: {
                    #"SYSTEM_SYSRULES_documentImage"(
                      document: #"_a-0000ecb3-612c-8000-9bcf-011c48011c48_1069314"
                    )
                  },
                  size: "EXTRA_LARGE",
                  align: "CENTER"
                )
              },
              width: "WIDE"
            ),
            #"SYSTEM_SYSRULES_columnLayout"()
          },
          alignVertical: "MIDDLE",
          stackWhen: {"TABLET_PORTRAIT", "PHONE"}
        )
      },
      style: "#08797c",
      marginBelow: "NONE",
      showBorder: false
    )
  },
  contents: {
    #"SYSTEM_SYSRULES_columnsLayout"(
      columns: {
        #"SYSTEM_SYSRULES_columnLayout"(
          contents: {
            #"SYSTEM_SYSRULES_columnsLayout"(
              columns: {
                #"SYSTEM_SYSRULES_columnLayout"(
                  contents: {
                    #"SYSTEM_SYSRULES_imageField_v1"(
                      label: "Floor Plans Image",
                      labelPosition: "COLLAPSED",
                      images: {
                        #"SYSTEM_SYSRULES_documentImage"(
                          document: #"_a-0000ecb3-612c-8000-9bcf-011c48011c48_1073142"
                        )
                      },
                      size: "FIT"
                    )
                  }
                ),
                #"SYSTEM_SYSRULES_columnLayout"(
                  contents: {
                    #"SYSTEM_SYSRULES_richTextDisplayField"(
                      labelPosition: "COLLAPSED",
                      value: {
                        #"SYSTEM_SYSRULES_richTextItem_v1"(
                          text: {
                            "Why Choose Our Loans?"
                          },
                          color: "#0000ff",
                          size: "MEDIUM_PLUS"
                        ),
                        char(10),
                        char(10),
                        #"SYSTEM_SYSRULES_richTextItem_v1"(
                          text: {
                            "1. Flexible Terms: Tailor your loan to fit your needs with adjustable payment plans and competitive rates."
                          },
                          color: "#044c55"
                        ),
                        char(10),
                        char(10),
                        #"SYSTEM_SYSRULES_richTextItem_v1"(
                          text: {
                            "2. Fast Approval: Skip the long waiting times—our streamlined process gets you approved quickly so you can focus on what matters."
                          },
                          color: "#033940"
                        )
                      }
                    )
                  }
                )
              },
              alignVertical: "MIDDLE"
            )
          }
        ),
        #"SYSTEM_SYSRULES_columnLayout"(
          contents: {
            #"SYSTEM_SYSRULES_columnsLayout"(
              columns: {
                #"SYSTEM_SYSRULES_columnLayout"(
                  contents: {
                    #"SYSTEM_SYSRULES_imageField_v1"(
                      label: "Amenities Image",
                      labelPosition: "COLLAPSED",
                      images: {
                        #"SYSTEM_SYSRULES_documentImage"(
                          document: #"_a-0000ecb3-612c-8000-9bcf-011c48011c48_1073242"
                        )
                      },
                      size: "FIT"
                    )
                  }
                ),
                #"SYSTEM_SYSRULES_columnLayout"(
                  contents: {
                    #"SYSTEM_SYSRULES_richTextDisplayField"(
                      labelPosition: "COLLAPSED",
                      value: {
                        #"SYSTEM_SYSRULES_richTextItem_v1"(
                          text: {
                            "What Our Customers Are Saying?"
                          },
                          color: "#0000ff",
                          size: "MEDIUM_PLUS"
                        ),
                        char(10),
                        char(10),
                        #"SYSTEM_SYSRULES_richTextItem_v1"(
                          text: {
                            """Thanks to this loan, I was able to start my dream business and watch it thrive!"" – Sarah M."
                          },
                          color: "#044c55",
                          size: "STANDARD"
                        ),
                        char(10),
                        char(10),
                        #"SYSTEM_SYSRULES_richTextItem_v1"(
                          text: {
                            """The team made the process simple and stress-free. I finally have my dream home!"" – James R."
                          },
                          color: "#044c55",
                          size: "STANDARD"
                        )
                      }
                    )
                  }
                )
              },
              alignVertical: "MIDDLE"
            )
          }
        )
      },
      stackWhen: {"TABLET_PORTRAIT", "PHONE"}
    )
  }
)</definition>
        <preferredEditor>interface</preferredEditor>
        <offlineEnabled>false</offlineEnabled>
        <isCustom>false</isCustom>
    </interface>
    <roleMap public="true">
        <role inherit="true" allowForAll="false" name="readers">
            <users/>
            <groups/>
        </role>
        <role inherit="true" allowForAll="false" name="authors">
            <users/>
            <groups/>
        </role>
        <role inherit="true" allowForAll="false" name="administrators">
            <users/>
            <groups/>
        </role>
        <role inherit="false" allowForAll="false" name="denyReaders">
            <users/>
            <groups/>
        </role>
        <role inherit="false" allowForAll="false" name="denyAuthors">
            <users/>
            <groups/>
        </role>
        <role inherit="false" allowForAll="false" name="denyAdministrators">
            <users/>
            <groups/>
        </role>
    </roleMap>
    <history>
        <historyInfo versionUuid="_a-0000ecb3-612c-8000-9bcf-011c48011c48_1073498"/>
    </history>
</contentHaul>
