<?xml version="1.0" encoding="UTF-8" standalone="yes"?>
<contentHaul xmlns:a="http://www.appian.com/ae/types/2009">
    <versionUuid>_a-0000ed17-2eab-8000-9bd1-011c48011c48_1079921</versionUuid>
    <interface>
        <name>PLGRH_Reports</name>
        <uuid>_a-0000ecb3-612c-8000-9bcf-011c48011c48_1045714</uuid>
        <description></description>
        <parentUuid>ea0f9505-4420-476a-9c46-268362a11e34</parentUuid>
        <visibility>
            <advertise>false</advertise>
            <hierarchy>true</hierarchy>
            <indexable>true</indexable>
            <quota>false</quota>
            <searchable>true</searchable>
            <system>false</system>
            <unlogged>false</unlogged>
        </visibility>
        <definition>#"SYSTEM_SYSRULES_headerContentLayout"(
  header: {
    #"SYSTEM_SYSRULES_billboardLayout_v1"(
      backgroundMedia: #"SYSTEM_SYSRULES_documentImage"(
        document: #"_a-0000ecb3-612c-8000-9bcf-011c48011c48_1069314"
      ),
      backgroundMediaPositionHorizontal: "CENTER",
      backgroundMediaPositionVertical: "MIDDLE",
      backgroundColor: "#dbf1d3",
      height: if(
        #"SYSTEM_SYSRULES_isPageWidth"({ "PHONE" }),
        "MEDIUM",
        "SHORT_PLUS"
      ),
      marginAbove: "NONE",
      marginBelow: "NONE",
      overlay: #"SYSTEM_SYSRULES_columnOverlay"(
        alignVertical: if(
          #"SYSTEM_SYSRULES_isPageWidth"({ "PHONE" }),
          "TOP",
          "MIDDLE"
        ),
        contents: {
          #"SYSTEM_SYSRULES_richTextDisplayField"(
            labelPosition: "COLLAPSED",
            value: {
              #"SYSTEM_SYSRULES_richTextItem_v1"(
                text: { "2021 ACTUAL IMPACT" },
                size: "SMALL",
                style: { "STRONG" }
              )
            },
            showWhen: #"SYSTEM_SYSRULES_isPageWidth"({ "PHONE" }),
            align: "CENTER",
            marginBelow: "NONE"
          )
        },
        style: "NONE"
      )
    ),
    #"SYSTEM_SYSRULES_cardLayout"(
      contents: {
        #"SYSTEM_SYSRULES_richTextDisplayField"(
          labelPosition: "COLLAPSED",
          value: {
            #"SYSTEM_SYSRULES_richTextItem_v1"(
              text: {
                "Welcome " &amp; user(loggedInUser(), "firstName") &amp;
      " " &amp; user(loggedInUser(), "lastName")
              },
              color: "#08797c",
              size: "LARGE",
              style: "STRONG"
            )
          }
        )
      },
      height: "AUTO",
      style: "#ffffff",
      shape: "SQUARED",
      marginBelow: "STANDARD"
    )
  },
  contents: {
    #"SYSTEM_SYSRULES_columnsLayout"(
      columns: {
        #"SYSTEM_SYSRULES_columnLayout"(
          contents: {
            #"SYSTEM_SYSRULES_sectionLayout_v1"(
              label: "Total Loan Applications",
              labelHeadingTag: "H2",
              labelColor: "#08797c",
              contents: {
                #"SYSTEM_SYSRULES_cardLayout"(
                  contents: {
                    #"SYSTEM_SYSRULES_columnsLayout"(
                      columns: {
                        #"SYSTEM_SYSRULES_columnLayout"(
                          contents: {
                            #"SYSTEM_SYSRULES_kpiField"(
                              data: #"urn:appian:record-type:v1:e19b8d7e-e5ed-4f55-8419-5a751d4bb418",
                              primaryMeasure: #"SYSTEM_SYSRULES_measure"(
                                function: "COUNT",
                                field: #"urn:appian:record-field:v1:e19b8d7e-e5ed-4f55-8419-5a751d4bb418/dcba627a-71ea-4969-b639-dfcce498b614",
                                formatValue: "INTEGER"
                              ),
                              primaryMeasureColor: "#025b88",
                              primaryText: "Loan Applications",
                              primaryTextColor: "#025b88",
                              icon: "file-invoice-dollar",
                              iconColor: "#025b88",
                              refreshAfter: "RECORD_ACTION"
                            )
                          }
                        )
                      }
                    )
                  },
                  link: #"SYSTEM_SYSRULES_dynamicLink"(),
                  height: "AUTO",
                  style: "NONE",
                  marginBelow: "STANDARD",
                  showBorder: false,
                  showShadow: true
                )
              }
            )
          }
        ),
        #"SYSTEM_SYSRULES_columnLayout"(
          contents: {
            #"SYSTEM_SYSRULES_sectionLayout_v1"(
              label: "Total Active Loans",
              labelHeadingTag: "H2",
              labelColor: "#08797c",
              contents: {
                #"SYSTEM_SYSRULES_cardLayout"(
                  contents: {
                    #"SYSTEM_SYSRULES_columnsLayout"(
                      columns: {
                        #"SYSTEM_SYSRULES_columnLayout"(
                          contents: {
                            #"SYSTEM_SYSRULES_kpiField"(
                              data: #"urn:appian:record-type:v1:4d57cb9b-758b-414a-bb7f-696667786c37",
                              primaryMeasure: #"SYSTEM_SYSRULES_measure"(
                                function: "COUNT",
                                field: #"urn:appian:record-field:v1:4d57cb9b-758b-414a-bb7f-696667786c37/97409a6b-1495-464e-9036-41ca54c64081"
                              ),
                              primaryMeasureColor: "#025b88",
                              primaryText: "Loans",
                              primaryTextColor: "#025b88",
                              icon: "donate",
                              iconColor: "#025b88",
                              refreshAfter: "RECORD_ACTION"
                            )
                          },
                          width: "AUTO"
                        )
                      },
                      alignVertical: "MIDDLE",
                      stackWhen: { "TABLET_LANDSCAPE", "DESKTOP_NARROW" }
                    )
                  },
                  height: "AUTO",
                  style: "NONE",
                  marginBelow: "STANDARD",
                  showBorder: false,
                  showShadow: true
                )
              }
            )
          }
        ),
        #"SYSTEM_SYSRULES_columnLayout"(
          contents: {
            #"SYSTEM_SYSRULES_sectionLayout_v1"(
              label: "Total Amount Lended",
              labelHeadingTag: "H2",
              labelColor: "#08797c",
              contents: {
                #"SYSTEM_SYSRULES_cardLayout"(
                  contents: {
                    #"SYSTEM_SYSRULES_columnsLayout"(
                      columns: {
                        #"SYSTEM_SYSRULES_columnLayout"(
                          contents: {
                            #"SYSTEM_SYSRULES_kpiField"(
                              data: #"urn:appian:record-type:v1:4d57cb9b-758b-414a-bb7f-696667786c37",
                              primaryMeasure: #"SYSTEM_SYSRULES_measure"(
                                function: "SUM",
                                field: #"urn:appian:record-field:v1:4d57cb9b-758b-414a-bb7f-696667786c37/c0b9755d-1952-42d4-be4d-8728fc9d4158",
                                formatValue: "DOLLAR"
                              ),
                              primaryMeasureColor: "#025b88",
                              primaryText: "Amount",
                              primaryTextColor: "#025b88",
                              icon: "usd",
                              iconColor: "#025b88",
                              refreshAfter: "RECORD_ACTION"
                            )
                          },
                          width: "AUTO"
                        )
                      },
                      alignVertical: "MIDDLE",
                      stackWhen: { "TABLET_LANDSCAPE", "DESKTOP_NARROW" }
                    )
                  },
                  height: "AUTO",
                  style: "NONE",
                  marginBelow: "STANDARD",
                  showBorder: false,
                  showShadow: true
                )
              }
            )
          }
        )
      }
    ),
    #"SYSTEM_SYSRULES_columnsLayout"(
      columns: {
        #"SYSTEM_SYSRULES_columnLayout"(
          contents: {
            #"SYSTEM_SYSRULES_sectionLayout_v1"(
              label: "Customer's Data",
              labelColor: "#08797c",
              contents: {
                #"SYSTEM_SYSRULES_sectionLayout_v1"(
                  label: "",
                  labelHeadingTag: "H2",
                  labelColor: "#08797c",
                  contents: {
                    #"SYSTEM_SYSRULES_cardLayout"(
                      contents: {
                        #"SYSTEM_SYSRULES_columnsLayout"(
                          columns: {
                            #"SYSTEM_SYSRULES_columnLayout"(
                              contents: {
                                #"SYSTEM_SYSRULES_kpiField"(
                                  data: #"urn:appian:record-type:v1:f0caae50-b06d-41f4-8067-5a2d7e324760",
                                  primaryMeasure: #"SYSTEM_SYSRULES_measure"(
                                    function: "AVG",
                                    field: #"urn:appian:record-field:v1:f0caae50-b06d-41f4-8067-5a2d7e324760/446453a3-697f-4116-a48d-c97fbf6e158f",
                                    formatValue: "DOLLAR"
                                  ),
                                  primaryMeasureColor: "#025b88",
                                  primaryText: "Average Income",
                                  primaryTextColor: "#025b88",
                                  icon: "money-solid",
                                  iconColor: "#025b88",
                                  refreshAfter: "RECORD_ACTION"
                                )
                              },
                              width: "AUTO"
                            ),
                            #"SYSTEM_SYSRULES_columnLayout"(
                              contents: {}
                            )
                          },
                          alignVertical: "MIDDLE",
                          stackWhen: { "TABLET_LANDSCAPE", "DESKTOP_NARROW" }
                        ),
                        #"SYSTEM_SYSRULES_columnsLayout"(
                          columns: {
                            #"SYSTEM_SYSRULES_columnLayout"(
                              contents: {}
                            )
                          }
                        ),
                        #"SYSTEM_SYSRULES_kpiField"(
                          data: #"urn:appian:record-type:v1:f0caae50-b06d-41f4-8067-5a2d7e324760",
                          primaryMeasure: #"SYSTEM_SYSRULES_measure"(
                            function: "AVG",
                            field: #"urn:appian:record-field:v1:f0caae50-b06d-41f4-8067-5a2d7e324760/7d1c0a6f-afb6-47db-adc7-d6e73c78ba72",
                            formatValue: "INTEGER"
                          ),
                          primaryMeasureColor: "#025b88",
                          primaryText: "Average Credit Score",
                          primaryTextColor: "#025b88",
                          icon: "credit-card",
                          iconColor: "#025b88",
                          refreshAfter: "RECORD_ACTION"
                        )
                      },
                      height: "AUTO",
                      style: "NONE",
                      marginBelow: "STANDARD",
                      showBorder: false,
                      showShadow: true
                    )
                  }
                )
              }
            )
          }
        ),
        #"SYSTEM_SYSRULES_columnLayout"(
          contents: {
            #"SYSTEM_SYSRULES_columnChartField"(
              data: #"urn:appian:record-type:v1:e19b8d7e-e5ed-4f55-8419-5a751d4bb418",
              config: #"SYSTEM_SYSRULES_columnChartConfig"(
                primaryGrouping: #"SYSTEM_SYSRULES_grouping"(
                  field: #"urn:appian:record-field:v1:e19b8d7e-e5ed-4f55-8419-5a751d4bb418/fb9dec83-2f33-468e-af63-d22a2a41d040",
                  alias: "loanOfficer_primaryGrouping"
                ),
                measures: {
                  #"SYSTEM_SYSRULES_measure"(
                    function: "COUNT",
                    field: #"urn:appian:record-field:v1:e19b8d7e-e5ed-4f55-8419-5a751d4bb418/dcba627a-71ea-4969-b639-dfcce498b614",
                    alias: "applicationId_count_measure1"
                  )
                },
                sort: {
                  #"SYSTEM_SYSRULES_sortInfo"(
                    field: "applicationId_count_measure1"
                  )
                },
                dataLimit: 100
              ),
              label: "Column Chart",
              stacking: "NONE",
              showLegend: true,
              showTooltips: true,
              labelPosition: "ABOVE",
              allowImageDownload: true,
              colorScheme: "RAINFOREST",
              height: "MEDIUM",
              xAxisStyle: "STANDARD",
              yAxisStyle: "STANDARD",
              refreshAfter: "RECORD_ACTION"
            )
          }
        )
      },
      stackWhen: { "PHONE", "TABLET_PORTRAIT" }
    )
  },
  backgroundColor: "#ffffff"
)
</definition>
        <preferredEditor>interface</preferredEditor>
        <offlineEnabled>false</offlineEnabled>
        <isCustom>false</isCustom>
    </interface>
    <roleMap public="true">
        <role inherit="true" allowForAll="false" name="readers">
            <users/>
            <groups/>
        </role>
        <role inherit="true" allowForAll="false" name="authors">
            <users/>
            <groups/>
        </role>
        <role inherit="true" allowForAll="false" name="administrators">
            <users/>
            <groups/>
        </role>
        <role inherit="false" allowForAll="false" name="denyReaders">
            <users/>
            <groups/>
        </role>
        <role inherit="false" allowForAll="false" name="denyAuthors">
            <users/>
            <groups/>
        </role>
        <role inherit="false" allowForAll="false" name="denyAdministrators">
            <users/>
            <groups/>
        </role>
    </roleMap>
    <history>
        <historyInfo versionUuid="_a-0000ed17-2eab-8000-9bd1-011c48011c48_1079921"/>
    </history>
</contentHaul>
