<?xml version="1.0" encoding="UTF-8"?>
<siteHaul xmlns:a="http://www.appian.com/ae/types/2009" xmlns:xsi="http://www.w3.org/2001/XMLSchema-instance">
  <versionUuid>37ebceb4-8ab3-4eb0-831b-b9949e00014e</versionUuid>
  <site a:uuid="27283f6f-b7d8-4b53-90a1-eea675c46e25" name="PLGRH Bank Executive Site">
    <description/>
    <urlStub>plgrh-bank-executives</urlStub>
    <page a:uuid="b9f7548c-b1bf-4b5f-af6c-e9f9784ca666">
      <staticName>Reports</staticName>
      <description/>
      <urlStub>reports</urlStub>
      <uiObject a:uuid="e0604cac-ef22-4036-9315-9270d4d72b62" xsi:type="a:TempoReport"/>
      <iconId>f080</iconId>
      <visibilityExpr>fn!true()</visibilityExpr>
      <pageWidth>WIDE</pageWidth>
      <areUrlParamsEncrypted>true</areUrlParamsEncrypted>
      <autoContextUpdateEnabled>true</autoContextUpdateEnabled>
    </page>
    <visibility>268435456</visibility>
    <headerBackgroundColor>#025b88</headerBackgroundColor>
    <selectedTabBackgroundColor>#ffffff</selectedTabBackgroundColor>
    <faviconRef a:uuid="SYSTEM_CONTENT_SITES_DEFAULT_FAVICON" xsi:type="a:CollaborationDocument"/>
    <logoRef a:uuid="_a-0000ecb3-612c-8000-9bcf-011c48011c48_1069268" xsi:type="a:CollaborationDocument"/>
    <accentColor>#023888</accentColor>
    <showName>false</showName>
    <tempoLinkVisibility>HIDDEN</tempoLinkVisibility>
    <showRecordNews>true</showRecordNews>
    <tasksInSitesVisibility>HIDDEN</tasksInSitesVisibility>
    <buttonShape>SQUARED</buttonShape>
    <navigationBarStyle>SIDEBAR</navigationBarStyle>
    <inputShape>SQUARED</inputShape>
    <isSystem>false</isSystem>
    <displayName>PLGRH Bank Executives</displayName>
    <isStaticDisplayName>true</isStaticDisplayName>
    <nameExprIsEvaluable>true</nameExprIsEvaluable>
    <primaryNavLayoutType>SIDEBAR</primaryNavLayoutType>
  </site>
  <roleMap>
    <role name="site_administrator">
      <users/>
      <groups>
        <groupUuid>ad93c1d7-3a9c-4a6a-80eb-da5b5a3f51ad</groupUuid>
      </groups>
    </role>
    <role name="site_viewer">
      <users/>
      <groups>
        <groupUuid>4e1f80bf-b452-4782-8d47-97d180cd9981</groupUuid>
        <groupUuid>_e-0000ecb3-610c-8000-9b1e-01075c01075c_4183</groupUuid>
      </groups>
    </role>
  </roleMap>
  <history>
    <historyInfo versionUuid="37ebceb4-8ab3-4eb0-831b-b9949e00014e"/>
  </history>
</siteHaul>
