<?xml version="1.0" encoding="UTF-8"?>
<siteHaul xmlns:a="http://www.appian.com/ae/types/2009" xmlns:xsi="http://www.w3.org/2001/XMLSchema-instance">
  <versionUuid>6eadf569-c990-4ed5-b296-d6a6c7fa5e1c</versionUuid>
  <site a:uuid="cd783c58-3510-4a9b-ab9c-43abc4f9652c" name="PLGRH Managers">
    <description/>
    <urlStub>plgrh-manager-site</urlStub>
    <page a:uuid="5cf061cb-f566-4bd1-a5a4-bf3469c08e65">
      <staticName>Loan Applications</staticName>
      <description/>
      <urlStub>loan-applications</urlStub>
      <uiObject a:uuid="e19b8d7e-e5ed-4f55-8419-5a751d4bb418" xsi:type="a:RecordType"/>
      <iconId>f0f6</iconId>
      <visibilityExpr>fn!true()</visibilityExpr>
      <pageWidth>WIDE</pageWidth>
      <areUrlParamsEncrypted>true</areUrlParamsEncrypted>
      <autoContextUpdateEnabled>true</autoContextUpdateEnabled>
    </page>
    <page a:uuid="c7f52d78-cc4a-449c-afce-6fe40a11d609">
      <staticName>Loans</staticName>
      <description/>
      <urlStub>loans</urlStub>
      <uiObject a:uuid="4d57cb9b-758b-414a-bb7f-696667786c37" xsi:type="a:RecordType"/>
      <iconId>f0cb</iconId>
      <visibilityExpr>fn!true()</visibilityExpr>
      <pageWidth>WIDE</pageWidth>
      <areUrlParamsEncrypted>true</areUrlParamsEncrypted>
      <autoContextUpdateEnabled>true</autoContextUpdateEnabled>
    </page>
    <page a:uuid="598ebf51-f42a-4b99-8b56-ad6a766a2145">
      <staticName>Reports</staticName>
      <description/>
      <urlStub>reports</urlStub>
      <uiObject a:uuid="_a-0000ecb3-612c-8000-9bcf-011c48011c48_1045714" xsi:type="a:ContentFreeformRule"/>
      <iconId>f080</iconId>
      <visibilityExpr>fn!true()</visibilityExpr>
      <pageWidth>WIDE</pageWidth>
      <areUrlParamsEncrypted>true</areUrlParamsEncrypted>
      <autoContextUpdateEnabled>true</autoContextUpdateEnabled>
    </page>
    <visibility>268435456</visibility>
    <headerBackgroundColor>#025b88</headerBackgroundColor>
    <faviconRef a:uuid="SYSTEM_CONTENT_SITES_DEFAULT_FAVICON" xsi:type="a:CollaborationDocument"/>
    <logoRef a:uuid="_a-0000ecb3-612c-8000-9bcf-011c48011c48_1069268" xsi:type="a:CollaborationDocument"/>
    <showName>false</showName>
    <tempoLinkVisibility>HIDDEN</tempoLinkVisibility>
    <showRecordNews>true</showRecordNews>
    <tasksInSitesVisibility>HIDDEN</tasksInSitesVisibility>
    <buttonShape>SQUARED</buttonShape>
    <navigationBarStyle>SIDEBAR</navigationBarStyle>
    <inputShape>SQUARED</inputShape>
    <isSystem>false</isSystem>
    <displayName>PLGRH Manager Site</displayName>
    <isStaticDisplayName>true</isStaticDisplayName>
    <nameExprIsEvaluable>true</nameExprIsEvaluable>
    <primaryNavLayoutType>SIDEBAR</primaryNavLayoutType>
  </site>
  <roleMap>
    <role name="site_administrator">
      <users/>
      <groups>
        <groupUuid>ad93c1d7-3a9c-4a6a-80eb-da5b5a3f51ad</groupUuid>
      </groups>
    </role>
    <role name="site_viewer">
      <users/>
      <groups>
        <groupUuid>4e1f80bf-b452-4782-8d47-97d180cd9981</groupUuid>
      </groups>
    </role>
    <role name="site_editor">
      <users/>
      <groups>
        <groupUuid>_e-0000ecb3-610c-8000-9b1e-01075c01075c_4185</groupUuid>
      </groups>
    </role>
  </roleMap>
  <history>
    <historyInfo versionUuid="6eadf569-c990-4ed5-b296-d6a6c7fa5e1c"/>
  </history>
</siteHaul>
