<?xml version="1.0" encoding="UTF-8"?>
<siteHaul xmlns:a="http://www.appian.com/ae/types/2009" xmlns:xsi="http://www.w3.org/2001/XMLSchema-instance">
  <versionUuid>7f5c0e82-eac1-4626-b27f-31159a1bf21e</versionUuid>
  <site a:uuid="f19ca718-adca-49e2-8cb8-e9fa3e33fc89" name="PLGRH Loan Officer Site">
    <description>Site for Loan Officers</description>
    <urlStub>plgrh-loan-officer</urlStub>
    <page a:uuid="02c39be3-aaf8-4630-b174-1bd15084a05f">
      <staticName>Applicants</staticName>
      <description/>
      <urlStub>applicants</urlStub>
      <uiObject a:uuid="f0caae50-b06d-41f4-8067-5a2d7e324760" xsi:type="a:RecordType"/>
      <iconId>f0c0</iconId>
      <visibilityExpr>fn!true()</visibilityExpr>
      <pageWidth>WIDE</pageWidth>
      <areUrlParamsEncrypted>true</areUrlParamsEncrypted>
      <autoContextUpdateEnabled>true</autoContextUpdateEnabled>
    </page>
    <page a:uuid="ce349bcf-e3a1-461e-b45b-ceaa20e83c24">
      <staticName>Loan Applications</staticName>
      <description/>
      <urlStub>loan-applications</urlStub>
      <uiObject a:uuid="e19b8d7e-e5ed-4f55-8419-5a751d4bb418" xsi:type="a:RecordType"/>
      <iconId>f0ca</iconId>
      <visibilityExpr>fn!true()</visibilityExpr>
      <pageWidth>WIDE</pageWidth>
      <areUrlParamsEncrypted>true</areUrlParamsEncrypted>
      <autoContextUpdateEnabled>true</autoContextUpdateEnabled>
    </page>
    <visibility>268435456</visibility>
    <headerBackgroundColor>#127879</headerBackgroundColor>
    <faviconRef a:uuid="SYSTEM_CONTENT_SITES_DEFAULT_FAVICON" xsi:type="a:CollaborationDocument"/>
    <logoRef a:uuid="_a-0000ecb3-612c-8000-9bcf-011c48011c48_1069268" xsi:type="a:CollaborationDocument"/>
    <showName>false</showName>
    <tempoLinkVisibility>HIDDEN</tempoLinkVisibility>
    <showRecordNews>true</showRecordNews>
    <tasksInSitesVisibility>HIDDEN</tasksInSitesVisibility>
    <buttonShape>SQUARED</buttonShape>
    <navigationBarStyle>SIDEBAR</navigationBarStyle>
    <inputShape>SQUARED</inputShape>
    <isSystem>false</isSystem>
    <displayName>PLGRH Loan Officer</displayName>
    <isStaticDisplayName>true</isStaticDisplayName>
    <nameExprIsEvaluable>true</nameExprIsEvaluable>
    <primaryNavLayoutType>SIDEBAR</primaryNavLayoutType>
  </site>
  <roleMap>
    <role name="site_administrator">
      <users/>
      <groups>
        <groupUuid>ad93c1d7-3a9c-4a6a-80eb-da5b5a3f51ad</groupUuid>
      </groups>
    </role>
    <role name="site_viewer">
      <users/>
      <groups>
        <groupUuid>4e1f80bf-b452-4782-8d47-97d180cd9981</groupUuid>
        <groupUuid>_e-0000ecb3-610c-8000-9b1e-01075c01075c_4185</groupUuid>
        <groupUuid>_e-0000ecb3-610c-8000-9b1e-01075c01075c_4183</groupUuid>
      </groups>
    </role>
    <role name="site_editor">
      <users/>
      <groups>
        <groupUuid>_e-0000ecb3-610c-8000-9b1e-01075c01075c_4187</groupUuid>
      </groups>
    </role>
  </roleMap>
  <history>
    <historyInfo versionUuid="7f5c0e82-eac1-4626-b27f-31159a1bf21e"/>
  </history>
</siteHaul>
